GeneID,Cor,P
AT3G51820,-0.508129077,0
AT1G50910,-0.50824512,0
AT5G51545,-0.508256674,0
AT1G61065,-0.508401854,0
AT5G46420,-0.508463644,0
AT5G01510,-0.508527443,0
AT5G13010,-0.508548541,0
AT5G02130,-0.5086465,0
AT1G16340,-0.508758023,0
AT5G53860,-0.50879168,0
AT3G23480,-0.50905642,0
AT1G60900,-0.509067472,0
AT5G35530,-0.509120721,0
AT2G38370,-0.509207629,0
AT1G73940,-0.50931262,0
AT1G74970,-0.509624079,0
AT5G38150,-0.509666779,0
AT2G34470,-0.509686371,0
AT2G45380,-0.509725052,0
AT4G02590,-0.509911425,0
AT3G09390,-0.510119399,0
AT3G62030,-0.510231424,0
AT1G20816,-0.510321848,0
AT5G02530,-0.510322852,0
AT2G35780,-0.510392177,0
AT1G21560,-0.510400717,0
AT2G27470,-0.510603165,0
AT4G29820,-0.510986963,0
AT4G15450,-0.511036194,0
AT5G03455,-0.511061814,0
AT3G58990,-0.51116781,0
AT1G53785,-0.511247182,0
AT5G41210,-0.511332079,0
AT3G06980,-0.511367747,0
AT3G22320,-0.511371765,0
AT2G26550,-0.511496851,0
AT1G42960,-0.511814841,0
AT1G29418,-0.511822878,0
AT5G18590,-0.511855531,0
AT3G61490,-0.511913302,0
AT1G04350,-0.511945955,0
AT1G15230,-0.511995185,0
AT4G01800,-0.512016787,0
AT5G41340,-0.512042407,0
AT4G10030,-0.512048937,0
AT3G12930,-0.512124793,0
AT1G49140,-0.512246362,0
AT5G08330,-0.512350349,0
AT1G20920,-0.512488998,0
AT2G36145,-0.512605544,0
AT1G74960,-0.512607051,0
AT2G44640,-0.512723597,0
AT2G44670,-0.512803471,0
AT5G19460,-0.512816533,0
AT5G23280,-0.512910975,0
AT2G05210,-0.513059169,0
AT1G16960,-0.51314055,0
AT1G64390,-0.513333956,0
AT1G15000,-0.51363587,0
AT4G26840,-0.513773515,0
AT3G19710,-0.51384083,0
AT5G41960,-0.51386846,0
AT2G23670,-0.513934268,0
AT4G13220,-0.514078946,0
AT2G33770,-0.5141759,0
AT2G28950,-0.514246732,0
AT1G54040,-0.514305005,0
AT5G50310,-0.514369306,0
AT1G72410,-0.514431095,0
AT5G20130,-0.51446626,0
AT1G72645,-0.51449188,0
AT3G18270,-0.514566228,0
AT3G22425,-0.514621487,0
AT3G23690,-0.514724972,0
AT3G23760,-0.514841015,0
AT3G60750,-0.514972129,0
AT5G57815,-0.515062051,0
AT4G08280,-0.515162521,0
AT5G49230,-0.515179601,0
AT3G09210,-0.515340354,0
AT3G60340,-0.515435299,0
AT4G35760,-0.515579474,0
AT1G60800,-0.515587512,0
AT1G67365,-0.515660855,0
AT1G50732,-0.515726161,0
AT2G45470,-0.515907511,0
AT3G20810,-0.516035611,0
AT2G04690,-0.516296332,0
AT1G06760,-0.516341544,0
AT2G38450,-0.516547509,0
AT2G02130,-0.516585185,0
AT2G44870,-0.516725341,0
AT3G07200,-0.516743426,0
AT3G50670,-0.516775074,0
AT1G69700,-0.516796676,0
AT1G74730,-0.516800192,0
AT1G59980,-0.516818779,0
AT1G12240,-0.516914729,0
AT2G03890,-0.516937837,0
AT1G19715,-0.516998622,0
AT1G76100,-0.517005654,0
AT5G50580,-0.517037805,0
AT3G22190,-0.517097083,0
AT1G35780,-0.517129736,0
AT3G26618,-0.51717545,0
AT5G66090,-0.51719052,0
AT5G64380,-0.51769438,0
AT1G32990,-0.517810424,0
AT1G22790,-0.517816955,0
AT5G19940,-0.517973186,0
AT5G02380,-0.518095761,0
AT1G62770,-0.518175635,0
AT3G20230,-0.518446403,0
AT4G13840,-0.518446905,0
AT4G16442,-0.51844791,0
AT4G39460,-0.518569982,0
AT3G16360,-0.518745303,0
AT4G31420,-0.518876417,0
AT3G17120,-0.518958803,0
AT5G03050,-0.519195914,0
AT5G09225,-0.519288849,0
AT1G01920,-0.519351643,0
AT5G14680,-0.51935315,0
AT5G58200,-0.519438048,0
AT3G49870,-0.519565645,0
AT1G62250,-0.519793211,0
AT2G01400,-0.519845958,0
AT4G16420,-0.51986555,0
AT2G32560,-0.519917293,0
AT4G08685,-0.519917293,0
AT4G13575,-0.520056444,0
AT3G46980,-0.520201624,0
AT4G00040,-0.520298579,0
AT4G16140,-0.520660775,0
AT3G55080,-0.520710508,0
AT3G14240,-0.52071955,0
AT4G10470,-0.520746677,0
AT4G18130,-0.520782847,0
AT2G04280,-0.520858702,0
AT1G09795,-0.520928027,0
AT2G02780,-0.521010413,0
AT4G39040,-0.521303787,0
AT3G06150,-0.521420333,0
AT5G52100,-0.521558982,0
AT4G13670,-0.521560489,0
AT2G32487,-0.521573551,0
AT4G30620,-0.521624288,0
AT4G35920,-0.521707176,0
AT3G24590,-0.521871948,0
AT2G28230,-0.522314019,0
AT2G38550,-0.522388869,0
AT2G21385,-0.522408964,0
AT4G13150,-0.522411978,0
AT3G17650,-0.522451664,0
AT1G54080,-0.522466734,0
AT4G00670,-0.522513453,0
AT1G23080,-0.522706859,0
AT2G33050,-0.522925382,0
AT5G20520,-0.522972604,0
AT1G10890,-0.523000735,0
AT1G77480,-0.523125319,0
AT3G25530,-0.523136873,0
AT5G20040,-0.523150939,0
AT3G07410,-0.523187611,0
AT5G11690,-0.523306668,0
AT4G01330,-0.523397092,0
AT1G21600,-0.523500577,0
AT2G34310,-0.52357392,0
AT4G25020,-0.52357392,0
AT1G14150,-0.523836149,0
AT5G26880,-0.523870309,0
AT2G38120,-0.523901454,0
AT5G55300,-0.523916525,0
AT5G55160,-0.523961737,0
AT2G05920,-0.524040606,0
AT5G04230,-0.52425712,0
AT2G30100,-0.524331971,0
AT1G63290,-0.524478156,0
AT3G02690,-0.524493226,0
AT4G12030,-0.52454095,0
AT1G75500,-0.524656491,0
AT5G16400,-0.52473536,0
AT3G62290,-0.524791624,0
AT2G38680,-0.524808202,0
AT5G11330,-0.524819253,0
AT1G49010,-0.525136238,0
AT5G35490,-0.525235202,0
AT2G38400,-0.525242737,0
AT5G63700,-0.525350241,0
AT4G38160,-0.525368828,0
AT4G18480,-0.525481857,0
AT1G10910,-0.525643112,0
AT4G09500,-0.525791809,0
AT1G61600,-0.525974163,0
AT5G43810,-0.52610377,0
AT3G04730,-0.526173597,0
AT2G33620,-0.526192687,0
AT5G62690,-0.526254978,0
AT2G25840,-0.526337867,0
AT4G11980,-0.526605621,0
AT2G33990,-0.526953249,0
AT1G25098,-0.526988414,0
AT3G02510,-0.526990925,0
AT1G48030,-0.527046687,0
AT1G03310,-0.527086875,0
AT1G74670,-0.527235571,0
AT2G47450,-0.52730138,0
AT1G68760,-0.527448569,0
AT5G13730,-0.527488255,0
AT1G71790,-0.527545523,0
AT5G11800,-0.527704267,0
AT2G39330,-0.527818803,0
AT3G08030,-0.527972021,0
AT5G63710,-0.5280956,0
AT5G40160,-0.528100623,0
AT1G50840,-0.528132272,0
AT1G20090,-0.528265395,0
AT5G47780,-0.528281973,0
AT3G46610,-0.52828348,0
AT4G27230,-0.528283982,0
AT3G57300,-0.529038516,0
AT1G08460,-0.529127935,0
AT2G35500,-0.529340431,0
AT5G53020,-0.529408751,0
AT4G00780,-0.529415281,0
AT5G67380,-0.529686552,0
AT1G01860,-0.529705139,0
AT1G24996,-0.529805609,0
AT2G18390,-0.529918639,0
AT5G39800,-0.529964353,0
AT4G19100,-0.530064321,0
AT1G25420,-0.530359705,0
AT1G35612,-0.530518448,0
AT5G22740,-0.530550599,0
AT2G33220,-0.530646548,0
AT3G47510,-0.530777663,0
AT5G49640,-0.530890692,0
AT5G51550,-0.531033863,0
AT3G12520,-0.531037881,0
AT3G26070,-0.531051445,0
AT1G64720,-0.531128305,0
AT3G48170,-0.531186578,0
AT1G29420,-0.531213705,0
AT4G03200,-0.531405604,0
AT5G16810,-0.53145182,0
AT2G34490,-0.531468398,0
AT3G54910,-0.531497534,0
AT2G24270,-0.531504567,0
AT5G01240,-0.531567362,0
AT1G75840,-0.531587958,0
AT5G13300,-0.531751223,0
AT1G22430,-0.531825571,0
AT1G24040,-0.531933577,0
AT1G19396,-0.532013451,0
AT3G12345,-0.53206017,0
AT1G49032,-0.532086292,0
AT4G33550,-0.532087799,0
AT2G37120,-0.53212648,0
AT5G47840,-0.532155115,0
AT4G27130,-0.532241017,0
AT1G51550,-0.532278693,0
AT5G55220,-0.532651439,0
AT3G48410,-0.532661486,0
AT1G20160,-0.532854892,0
AT3G25480,-0.532858911,0
AT5G50250,-0.532878503,0
AT1G06900,-0.533051312,0
AT5G20935,-0.533092505,0
AT2G37450,-0.53341803,0
AT2G37200,-0.533655643,0
AT4G06701,-0.533806349,0
AT3G56010,-0.533812377,0
AT5G10920,-0.533876678,0
AT3G02540,-0.53412032,0
AT3G43540,-0.534175578,0
AT3G10220,-0.534247415,0
AT2G27385,-0.53425696,0
AT1G35420,-0.534438309,0
AT5G06180,-0.534629203,0
AT4G18400,-0.534631213,0
AT4G38490,-0.53479297,0
AT4G30580,-0.534836173,0
AT3G16770,-0.534949202,0
AT4G09830,-0.534987883,0
AT1G11860,-0.535259154,0
AT5G25890,-0.535286281,0
AT4G27900,-0.535302356,0
AT1G12900,-0.535584679,0
AT1G11530,-0.535698713,0
AT1G79790,-0.536220155,0
AT1G74040,-0.536265869,0
AT2G32440,-0.536519558,0
AT1G44000,-0.536804392,0
AT3G23830,-0.537173621,0
AT5G56380,-0.537182664,0
AT4G14385,-0.537233904,0
AT2G33815,-0.537250481,0
AT2G05185,-0.537295191,0
AT4G01150,-0.537365018,0
AT3G26380,-0.537764891,0
AT2G46910,-0.537814624,0
AT3G24490,-0.537833713,0
AT3G56860,-0.537989443,0
AT1G13820,-0.538000494,0
AT2G24060,-0.538049725,0
AT1G55360,-0.538186365,0
AT2G20740,-0.538226051,0
AT1G32550,-0.538229065,0
AT1G20810,-0.538515406,0
AT1G28330,-0.538664605,0
AT1G29470,-0.538670131,0
AT3G62910,-0.538681183,0
AT3G09900,-0.538690727,0
AT1G53780,-0.538825358,0
AT2G43750,-0.538850476,0
AT3G04260,-0.538859518,0
AT1G55000,-0.538892171,0
AT2G46640,-0.539017759,0
AT1G06010,-0.539102154,0
AT1G13448,-0.539190066,0
AT2G42040,-0.539206644,0
AT1G75280,-0.539232264,0
AT1G53480,-0.539265922,0
AT3G01850,-0.539614052,0
AT1G19570,-0.539647208,0
AT4G28660,-0.539682372,0
AT4G22160,-0.539888337,0
AT4G14720,-0.539896375,0
AT4G16060,-0.540007395,0
AT1G78040,-0.540188242,0
AT2G35040,-0.540423845,0
AT3G28300,-0.540427362,0
AT1G52400,-0.540625289,0
AT5G30510,-0.540977438,0
AT5G62880,-0.541233638,0
AT4G24770,-0.541266794,0
AT1G15810,-0.541344658,0
AT4G20130,-0.541413983,0
AT1G60950,-0.541457688,0
AT1G26670,-0.541583276,0
AT3G54470,-0.541708864,0
AT3G02630,-0.541713385,0
AT2G25310,-0.541809837,0
AT5G18850,-0.541969083,0
AT5G66055,-0.54207508,0
AT3G54360,-0.542204687,0
AT3G28290,-0.542264969,0
AT5G47810,-0.542366444,0
AT5G09990,-0.542468924,0
AT1G09770,-0.542471436,0
AT4G02260,-0.542473948,0
AT5G25460,-0.542488516,0
AT5G53490,-0.542561357,0
AT4G30450,-0.542562864,0
AT1G03365,-0.54260456,0
AT4G13560,-0.542621137,0
AT3G16420,-0.542632692,0
AT3G13740,-0.542676899,0
AT3G63250,-0.542812032,0
AT1G02350,-0.542829112,0
AT1G71340,-0.542869802,0
AT3G48680,-0.542905469,0
AT3G13226,-0.542948169,0
AT1G19920,-0.542985846,0
AT5G65050,-0.543080288,0
AT1G53800,-0.543169205,0
AT2G30695,-0.543280225,0
AT4G29070,-0.54333046,0
AT4G00752,-0.54357812,0
AT4G10280,-0.54382578,0
AT3G16750,-0.543839343,0
AT1G32583,-0.544000599,0
AT1G33810,-0.544336171,0
AT4G18370,-0.54437234,0
AT3G09980,-0.544385904,0
AT2G18710,-0.54439796,0
AT4G36660,-0.54454314,0
AT2G38695,-0.544566751,0
AT2G26860,-0.544599404,0
AT1G59840,-0.544622009,0
AT4G14965,-0.544748602,0
AT4G13572,-0.54476719,0
AT1G55340,-0.544839026,0
AT1G30230,-0.544957581,0
AT1G56200,-0.544960093,0
AT1G03160,-0.544985211,0
AT3G18420,-0.545309731,0
AT3G03330,-0.54538207,0
AT3G61820,-0.545468977,0
AT1G05190,-0.545480531,0
AT5G02120,-0.545487061,0
AT3G18390,-0.545522728,0
AT4G03060,-0.545641786,0
AT2G18735,-0.545656354,0
AT1G32900,-0.545736731,0
AT3G23340,-0.545765867,0
AT2G45250,-0.54577491,0
AT4G18440,-0.545839211,0
AT4G13100,-0.545854784,0
AT5G19140,-0.546026086,0
AT2G34300,-0.54603111,0
AT1G64860,-0.546052209,0
AT5G05060,-0.546071298,0
AT1G04590,-0.546122036,0
AT3G15095,-0.546130073,0
AT1G34430,-0.546175285,0
AT1G19550,-0.546332019,0
AT1G65032,-0.546346085,0
AT4G17190,-0.5467123,0
AT2G26930,-0.546884105,0
AT3G48185,-0.547116695,0
AT5G52780,-0.547413585,0
AT4G33000,-0.547582376,0
AT2G42780,-0.547686865,0
AT1G64360,-0.547789345,0
AT4G09510,-0.547915938,0
AT5G46840,-0.547936535,0
AT1G55370,-0.547989784,0
AT4G17880,-0.548027963,0
AT3G11100,-0.548138983,0
AT3G61870,-0.548291196,0
AT3G45900,-0.548541368,0
AT2G40300,-0.548654397,0
AT2G26900,-0.548687552,0
AT5G52190,-0.548724224,0
AT4G38430,-0.548728745,0
AT1G18730,-0.548852324,0
AT2G33800,-0.548914114,0
AT2G37790,-0.549047237,0
AT1G55670,-0.549119074,0
AT1G47310,-0.549385321,0
AT5G55230,-0.549523468,0
AT1G25054,-0.54965207,0
AT3G15190,-0.549840955,0
AT3G59320,-0.549893702,0
AT2G40970,-0.549904252,0
AT1G15885,-0.549932383,0
AT4G13495,-0.550005727,0
AT5G26980,-0.550172006,0
AT2G40640,-0.550384501,0
AT3G09650,-0.550705505,0
AT1G10600,-0.550754233,0
AT5G53580,-0.551282708,0
AT4G28820,-0.551384686,0
AT1G60525,-0.551387198,0
AT2G42210,-0.551798122,0
AT5G58490,-0.552003585,0
AT5G59440,-0.552009613,0
AT3G62010,-0.552096018,0
AT5G27360,-0.552216582,0
AT1G51630,-0.552265311,0
AT5G65020,-0.552285907,0
AT1G06550,-0.552449172,0
AT3G01690,-0.552465247,0
AT1G24764,-0.552666188,0
AT2G01220,-0.552859092,0
AT5G02670,-0.552901792,0
AT4G34881,-0.552998244,0
AT5G20510,-0.553299153,0
AT5G51970,-0.553480503,0
AT1G56090,-0.553498587,0
AT2G31585,-0.553643265,0
AT5G05550,-0.553663862,0
AT4G37300,-0.55390047,0
AT3G60910,-0.554394785,0
AT4G39350,-0.554408349,0
AT5G44650,-0.554806212,0
AT5G64350,-0.554815255,0
AT3G16000,-0.554834846,0
AT4G01995,-0.555103605,0
AT2G44920,-0.555142789,0
AT1G24070,-0.555180465,0
AT3G33520,-0.555230701,0
AT2G23672,-0.555244264,0
AT3G58610,-0.555270889,0
AT4G17050,-0.555299021,0
AT5G13120,-0.555357796,0
AT1G33040,-0.555627559,0
AT4G36980,-0.555725518,0
AT4G02770,-0.555928971,0
AT2G22980,-0.556083194,0
AT3G11500,-0.556195218,0
AT3G10350,-0.556258013,0
AT2G03550,-0.55630021,0
AT2G20550,-0.556312267,0
AT3G06430,-0.556360493,0
AT5G14970,-0.556390131,0
AT5G64860,-0.556512706,0
AT1G36320,-0.556514715,0
AT4G16400,-0.556783474,0
AT4G23400,-0.556877414,0
AT3G52380,-0.556891982,0
AT5G43330,-0.556976377,0
AT5G27860,-0.557015561,0
AT1G11440,-0.55707735,0
AT2G35370,-0.557106487,0
AT5G53080,-0.557319987,0
AT1G80570,-0.557331541,0
AT5G62890,-0.55735063,0
AT3G61080,-0.557457632,0
AT3G43790,-0.557460143,0
AT1G47340,-0.557662089,0
AT1G09140,-0.55771986,0
AT3G22960,-0.557773612,0
AT4G38690,-0.557823847,0
AT5G22340,-0.557920299,0
AT5G08400,-0.558163438,0
AT1G52150,-0.558189058,0
AT1G73380,-0.558190565,0
AT3G05520,-0.558202119,0
AT1G52590,-0.558400046,0
AT5G04810,-0.558427675,0
AT5G04750,-0.558460831,0
AT5G53420,-0.558475901,0
AT1G70100,-0.558897375,0
AT3G17170,-0.559036527,0
AT1G03630,-0.559092288,0
AT1G51730,-0.559151064,0
AT4G01310,-0.559354014,0
AT1G58290,-0.559492664,0
AT4G01593,-0.559554453,0
AT3G13120,-0.559864405,0
AT4G20360,-0.560022646,0
AT1G06640,-0.560025158,0
AT5G23570,-0.560216554,0
AT5G08100,-0.560319537,0
AT5G27390,-0.560361734,0
AT5G35790,-0.560629991,0
AT1G05030,-0.56065109,0
AT4G03415,-0.56066616,0
AT3G12120,-0.560668672,0
AT2G21340,-0.560770147,0
AT1G55140,-0.560795767,0
AT3G23070,-0.561061512,0
AT1G49240,-0.561250397,0
AT3G60210,-0.561334792,0
AT3G23640,-0.561335797,0
AT5G57440,-0.561423206,0
AT2G35950,-0.561543771,0
AT2G35920,-0.561663833,0
AT5G27560,-0.561858244,0
AT3G17160,-0.561863268,0
AT3G48670,-0.561976297,0
AT4G14000,-0.562152121,0
AT3G57785,-0.562181759,0
AT1G20620,-0.562197835,0
AT1G13980,-0.562307348,0
AT4G30720,-0.562312873,0
AT1G07820,-0.562354569,0
AT4G27800,-0.562535918,0
AT3G29185,-0.562617299,0
AT5G24314,-0.562803672,0
AT3G50685,-0.562915195,0
AT5G63030,-0.563052337,0
AT1G13440,-0.563133718,0
AT3G49680,-0.563217611,0
AT3G44798,-0.563464769,0
AT4G21910,-0.563531582,0
AT4G17030,-0.563594878,0
AT2G48120,-0.563623513,0
AT3G13510,-0.563773716,0
AT1G06190,-0.563927436,0
AT2G43800,-0.564267027,0
AT1G20340,-0.564305206,0
AT4G31310,-0.56432329,0
AT1G18450,-0.564405174,0
AT3G05910,-0.564432803,0
AT1G16920,-0.564610636,0
AT3G23490,-0.56461566,0
AT5G66590,-0.564831672,0
AT1G24020,-0.564954246,0
AT2G27230,-0.565150666,0
AT2G28910,-0.565410382,0
AT2G47070,-0.565432988,0
AT3G04340,-0.565647493,0
AT3G17310,-0.566164414,0
AT1G51110,-0.566187522,0
AT4G16410,-0.566217664,0
AT2G31670,-0.566395497,0
AT5G03830,-0.566640645,0
AT5G51110,-0.566773266,0
AT5G06340,-0.567149026,0
AT3G02180,-0.567180674,0
AT1G48420,-0.567266577,0
AT1G72090,-0.56729722,0
AT2G26580,-0.567636308,0
AT4G21326,-0.567892509,0
AT4G10690,-0.567995491,0
AT1G72180,-0.568072351,0
AT3G52900,-0.568089431,0
AT5G20720,-0.568109525,0
AT4G09620,-0.568363213,0
AT5G57850,-0.568395364,0
AT4G13770,-0.568590779,0
AT2G36990,-0.568629963,0
AT2G37330,-0.568696776,0
AT1G69935,-0.568783683,0
AT3G28730,-0.569087104,0
AT5G22640,-0.569113226,0
AT4G21960,-0.569168988,0
AT5G26742,-0.569665815,0
AT5G03560,-0.569780351,0
AT5G23310,-0.569876301,0
AT3G16290,-0.569993851,0
AT1G52740,-0.570343489,0
AT1G53000,-0.570401259,0
AT1G25175,-0.570620285,0
AT5G19330,-0.570753409,0
AT1G11430,-0.571173878,0
AT5G39790,-0.571186437,0
AT1G06960,-0.571196987,0
AT5G01350,-0.571317551,0
AT5G57345,-0.571378336,0
AT2G45520,-0.571383862,0
AT3G58680,-0.571388886,0
AT1G68560,-0.571409984,0
AT2G25710,-0.571564207,0
AT1G20540,-0.57174857,0
AT3G11730,-0.572145429,0
AT1G55930,-0.572173561,0
AT3G18080,-0.572317234,0
AT2G04940,-0.572334816,0
AT5G49650,-0.572452367,0
AT1G18773,-0.572617641,0
AT3G63190,-0.572656322,0
AT1G23400,-0.57268797,0
AT2G29180,-0.572796479,0
AT5G23040,-0.573035599,0
AT4G12980,-0.573276728,0
AT4G14145,-0.573303855,0
AT1G16080,-0.573304358,0
AT4G18120,-0.573600244,0
AT1G72650,-0.573815753,0
AT3G49140,-0.573984544,0
AT2G26430,-0.574118672,0
AT2G32650,-0.574238734,0
AT2G43535,-0.574438671,0
AT2G28000,-0.574568278,0
AT3G53460,-0.574699392,0
AT4G25970,-0.57500633,0
AT5G49840,-0.575035968,0
AT5G14390,-0.57505556,0
AT4G17560,-0.575344916,0
AT2G30170,-0.575426799,0
AT1G74458,-0.575538824,0
AT1G44810,-0.575541838,0
AT5G53850,-0.575669436,0
AT5G40950,-0.575690032,0
AT4G29060,-0.575949749,0
AT4G20760,-0.576080863,0
AT3G16640,-0.576167267,0
AT2G25590,-0.57623408,0
AT1G54350,-0.57631094,0
AT1G29900,-0.576356152,0
AT3G58220,-0.576553075,0
AT2G01420,-0.576619385,0
AT2G43370,-0.576793199,0
AT3G45770,-0.577267923,0
AT5G17170,-0.57734629,0
AT3G06730,-0.577369901,0
AT2G34560,-0.577412601,0
AT4G09670,-0.577502522,0
AT2G17640,-0.577739632,0
AT1G06265,-0.577909428,0
AT2G35860,-0.577926005,0
AT1G31410,-0.577934545,0
AT2G31440,-0.578037528,0
AT3G24100,-0.578047575,0
AT5G67150,-0.578206318,0
AT1G13640,-0.578207825,0
AT2G21370,-0.578259568,0
AT1G74090,-0.578319348,0
AT3G48560,-0.578416804,0
AT2G14878,-0.578725751,0
AT1G12010,-0.578773475,0
AT2G22670,-0.578860884,0
AT5G48960,-0.579246189,0
AT5G62190,-0.579253222,0
AT3G52170,-0.579272814,0
AT1G08640,-0.579589799,0
AT1G13380,-0.579753063,0
AT3G61260,-0.579813346,0
AT1G25097,-0.579844492,0
AT5G55210,-0.579852529,0
AT5G44930,-0.580007756,0
AT2G21170,-0.580103203,0
AT5G61130,-0.580310173,0
AT1G15940,-0.580318713,0
AT4G12917,-0.580404113,0
AT4G37870,-0.580409136,0
AT1G07320,-0.580420188,0
AT1G13280,-0.580509607,0
AT4G13720,-0.580684426,0
AT5G67180,-0.58073868,0
AT3G16100,-0.580838648,0
AT3G09470,-0.581104393,0
AT2G47400,-0.581294282,0
AT1G48598,-0.581359588,0
AT1G22700,-0.581497735,0
AT5G58590,-0.581507782,0
AT5G24165,-0.581515318,0
AT5G16550,-0.581539431,0
AT4G04830,-0.581892083,0
AT5G54600,-0.581927247,0
AT4G00335,-0.581954374,0
AT4G23670,-0.581980497,0
AT2G42590,-0.58207092,0
AT1G78560,-0.582101061,0
AT1G25290,-0.58216486,0
AT3G28460,-0.582480338,0
AT5G05960,-0.58267726,0
AT3G08510,-0.582708909,0
AT3G25150,-0.582932958,0
AT2G30620,-0.583273553,0
AT3G29090,-0.583288624,0
AT2G24290,-0.583322282,0
AT2G33450,-0.583486049,0
AT5G42765,-0.583876879,0
AT2G17650,-0.583885419,0
AT4G36910,-0.584234052,0
AT3G25660,-0.584370692,0
AT1G56280,-0.584528934,0
AT3G27420,-0.584650001,0
AT1G73110,-0.584850942,0
AT1G36980,-0.58498507,0
AT1G50480,-0.585056907,0
AT2G31840,-0.585165415,0
AT4G31460,-0.585510029,0
AT3G57062,-0.585592917,0
AT4G11410,-0.585596936,0
AT4G14615,-0.585702933,0
AT1G77080,-0.585746637,0
AT3G32930,-0.585802901,0
AT1G08110,-0.585999321,0
AT1G04420,-0.586057594,0
AT3G01770,-0.586213323,0
AT1G16350,-0.586365536,0
AT4G25080,-0.586500167,0
AT5G58960,-0.586561454,0
AT2G43530,-0.586743306,0
AT1G73180,-0.586855833,0
AT1G64510,-0.586999003,0
AT2G35450,-0.587063305,0
AT3G57320,-0.587345627,0
AT4G16770,-0.587457652,0
AT5G03880,-0.587799754,0
AT1G35516,-0.587995169,0
AT1G70890,-0.588046409,0
AT3G26935,-0.588494006,0
AT1G23820,-0.588594979,0
AT1G58235,-0.588617585,0
AT3G04890,-0.588665811,0
AT1G50900,-0.588671337,0
AT2G34590,-0.588818526,0
AT3G54210,-0.590077925,0
AT5G24735,-0.590678237,0
AT3G20930,-0.590709383,0
AT5G35360,-0.590776196,0
AT1G68540,-0.591019335,0
AT1G07830,-0.591278549,0
AT3G49470,-0.591390573,0
AT5G60400,-0.591735188,0
AT1G15200,-0.592415876,0
AT1G33520,-0.592713771,0
AT1G16460,-0.593242749,0
AT4G38090,-0.593497442,0
AT4G00560,-0.594014363,0
AT3G14110,-0.59410328,0
AT4G13200,-0.594193703,0
AT5G28300,-0.59427207,0
AT3G06290,-0.59432331,0
AT4G02790,-0.594644314,0
AT1G70200,-0.594676465,0
AT4G36515,-0.59475031,0
AT4G17730,-0.594849776,0
AT5G11580,-0.594894486,0
AT1G24880,-0.59542698,0
AT2G31040,-0.595488267,0
AT1G49380,-0.595498816,0
AT1G15500,-0.596259881,0
AT2G26500,-0.596320666,0
AT3G56750,-0.596484433,0
AT3G47450,-0.596567321,0
AT5G63860,-0.596774793,0
AT4G03205,-0.596803427,0
AT1G17220,-0.597104839,0
AT4G14040,-0.597213347,0
AT1G05385,-0.59732286,0
AT1G45201,-0.597500191,0
AT1G43700,-0.597873439,0
AT1G52410,-0.59808292,0
AT1G74920,-0.598479779,0
AT4G08900,-0.598635509,0
AT5G14320,-0.598682228,0
AT2G24090,-0.598771646,0
AT1G31070,-0.598911301,0
AT4G34620,-0.599024832,0
AT3G53980,-0.599104706,0
AT5G53940,-0.599121786,0
AT1G43580,-0.599348348,0
AT1G28410,-0.599480467,0
AT1G18170,-0.599544265,0
AT4G33670,-0.599795944,0
AT2G47420,-0.599960716,0
AT5G52920,-0.599973275,0
AT5G65940,-0.599997388,0
AT3G54080,-0.600512802,0
AT2G35795,-0.600807683,0
AT4G00270,-0.600912173,0
AT5G63310,-0.601305515,0
AT2G17695,-0.601309534,0
AT4G17600,-0.601843033,0
AT2G27190,-0.602076125,0
AT5G48412,-0.602267019,0
AT5G38360,-0.602590534,0
AT2G02160,-0.603039638,0
AT3G01520,-0.603042652,0
AT5G06060,-0.603070281,0
AT3G26710,-0.603178789,0
AT1G68660,-0.603199386,0
AT5G05610,-0.603406355,0
AT5G28500,-0.6037575,0
AT1G73060,-0.603869023,0
AT5G02940,-0.603917248,0
AT1G30530,-0.603958944,0
AT1G07170,-0.604241266,0
AT1G49975,-0.604473353,0
AT3G04940,-0.604924969,0
AT2G18440,-0.605320823,0
AT3G15353,-0.605432847,0
AT5G13770,-0.605556426,0
AT4G10300,-0.605598624,0
AT4G15790,-0.605615704,0
AT1G56230,-0.605670963,0
AT1G24822,-0.606011558,0
AT1G14030,-0.606047728,0
AT5G26800,-0.606123081,0
AT5G65760,-0.606282829,0
AT1G48600,-0.606395858,0
AT5G54770,-0.606416455,0
AT4G01450,-0.606551588,0
AT1G35680,-0.60687661,0
AT5G19530,-0.607219215,0
AT5G17870,-0.607328225,0
AT3G15790,-0.607396043,0
AT3G51950,-0.60767083,0
AT3G50440,-0.609083949,0
AT3G10850,-0.609089977,0
AT2G04410,-0.609212552,0
AT4G02230,-0.609719928,0
AT1G18710,-0.609968593,0
AT1G77060,-0.610052486,0
AT5G25475,-0.610295122,0
AT2G24020,-0.610512139,0
AT4G19350,-0.610530726,0
AT1G75350,-0.610630192,0
AT5G46160,-0.610803001,0
AT1G27030,-0.610829626,0
AT5G35480,-0.611064225,0
AT3G60300,-0.611274711,0
AT2G20230,-0.611340519,0
AT3G14150,-0.612138758,0
AT3G44890,-0.61254064,0
AT2G45530,-0.612697375,0
AT3G47560,-0.612704407,0
AT5G22608,-0.612992758,0
AT5G63670,-0.613240418,0
AT1G75630,-0.613259508,0
AT1G30880,-0.61326855,0
AT2G39570,-0.613689522,0
AT5G45760,-0.613866852,0
AT3G17020,-0.614221011,0
AT5G42820,-0.614267228,0
AT5G36170,-0.614386285,0
AT4G24750,-0.614474197,0
AT1G11360,-0.614819816,0
AT4G16830,-0.615036833,0
AT5G39340,-0.615625088,0
AT3G52150,-0.61595865,0
AT1G48520,-0.616103328,0
AT3G55460,-0.6166097,0
AT1G02160,-0.616665461,0
AT3G58840,-0.616745335,0
AT4G29080,-0.616776481,0
AT1G12250,-0.616961347,0
AT1G52040,-0.617252209,0
AT1G75800,-0.617307468,0
AT1G01170,-0.617578739,0
AT2G14880,-0.618059491,0
AT2G39850,-0.618480965,0
AT2G47940,-0.618696977,0
AT1G69510,-0.61894313,0
AT2G36250,-0.620127678,0
AT5G13690,-0.620364286,0
AT2G16940,-0.620697849,0
AT4G15780,-0.621386575,0
AT2G02100,-0.621406669,0
AT5G12140,-0.621454392,0
AT2G38050,-0.621462932,0
AT1G55490,-0.62173571,0
AT1G62750,-0.622980541,0
AT1G78370,-0.623468828,0
AT1G29070,-0.623644149,0
AT3G15395,-0.623780789,0
AT2G43030,-0.624184179,0
AT1G52030,-0.625159246,0
AT1G23360,-0.62581331,0
AT1G66900,-0.626332743,0
AT2G37410,-0.626339776,0
AT1G29465,-0.626402067,0
AT2G45180,-0.626503543,0
AT5G03240,-0.626696446,0
AT2G32090,-0.627165142,0
AT4G32150,-0.627372111,0
AT2G31790,-0.627454999,0
AT5G58920,-0.627947808,0
AT2G13440,-0.627962878,0
AT1G02150,-0.628121622,0
AT5G21020,-0.628412986,0
AT4G27870,-0.628545608,0
AT3G19820,-0.628601871,0
AT4G15930,-0.628895748,0
AT4G33030,-0.628934429,0
AT3G17668,-0.629209216,0
AT1G44920,-0.62969047,0
AT4G14890,-0.630561048,0
AT5G13650,-0.63133015,0
AT1G08660,-0.631414043,0
AT5G27410,-0.631604435,0
AT2G27960,-0.632406191,0
AT4G36690,-0.632565437,0
AT2G33810,-0.63405843,0
AT2G18050,-0.634217173,0
AT3G02300,-0.634342761,0
AT3G11930,-0.63543136,0
AT1G55675,-0.635535348,0
AT2G06010,-0.635543385,0
AT5G17550,-0.636779676,0
AT3G54600,-0.636925358,0
AT5G42825,-0.637404101,0
AT2G05830,-0.638535902,0
AT1G73885,-0.638948334,0
AT1G14690,-0.63915882,0
AT3G14100,-0.6393894,0
AT3G56910,-0.639754108,0
AT1G01725,-0.639913857,0
AT4G33380,-0.64027756,0
AT2G46250,-0.640516178,0
AT1G11720,-0.642738588,0
AT2G25950,-0.642823988,0
AT1G65370,-0.642877739,0
AT3G21250,-0.643021412,0
AT1G33290,-0.643033971,0
AT3G61990,-0.643199748,0
AT2G16367,-0.644317985,0
AT3G45443,-0.644752018,0
AT4G17370,-0.64542919,0
AT2G34690,-0.646562499,0
AT1G26665,-0.646652922,0
AT1G48350,-0.647195966,0
AT1G54310,-0.647195966,0
AT5G53880,-0.64787565,0
AT1G68220,-0.64811477,0
AT2G26355,-0.648196653,0
AT2G01620,-0.648394078,0
AT4G29890,-0.649206885,0
AT1G64370,-0.650996769,0
AT5G56600,-0.651574977,0
AT3G51880,-0.653515567,0
AT2G17990,-0.653944074,0
AT3G54900,-0.654340431,0
AT2G21195,-0.654371576,0
AT4G23430,-0.654749346,0
AT2G36120,-0.655235624,0
AT4G14716,-0.655884664,0
AT3G27830,-0.656916999,0
AT3G27340,-0.659223302,0
AT1G05200,-0.659915544,0
AT1G01080,-0.660125528,0
AT1G51430,-0.660131054,0
AT1G31812,-0.661008162,0
AT4G38740,-0.661849101,0
AT3G27850,-0.66356966,0
AT2G14910,-0.663671638,0
AT3G14220,-0.664694429,0
AT1G59750,-0.666587797,0
AT5G52970,-0.666891721,0
AT1G60260,-0.681410728,0
AT1G60989,-0.682798227,0
AT1G52000,-0.684027987,0
AT2G35880,-0.684491659,0
AT1G51200,-0.68700041,0
AT5G46020,-0.690835875,0
AT2G27290,-0.692169623,0
AT2G33740,-0.69463065,0
AT5G52370,-0.695106378,0
AT1G19600,-0.698946365,0
AT1G11840,-0.703079725,0
AT2G24945,-0.707032239,0
AT2G24940,-0.722828227,0